Company Name,Company Ticker,Investibility weighting factor,Total Shares,Market Cap,Market Share Price,Book Value,Sales (Rs Cr),,,,,Average Sales,Net Cash Flow (Rs Cr),,,,,Average NCF,Dividends (Rs Cr),,,,,Average Dividends,Book Value percentage,Sales percentage,Cash flow percentage,Dividend percentage,RAFI Fundamental Value ,Rafi adjustment factor Ci,Investible Rafi fundamental Value,Total issued Share Capital,Company value
,,,,,,,2016,2017,2018,2019,2020,,2016,2017,2018,2019,2020,,2016,2017,2018,2019,2020,,,,,,,,,,
3M INDIA LTD,3MINDIA,0.25,11137286.47,29124.00411,26150,"2,104",2140,2363,2556,2809,2765,2526.6,257,373,45,-319,195,110.2,0,0,0,0,0,0,0.05%,0.000496491,0.001194559,0,7313.387847,0.251112032,1828.346962,,18283469619
ABB INDIA LIMITED,ABB,0.25,2168148056,6439.399725,29.7,3584,8642,6084,6690,7315,-,7182.75,615,302,-17,123,-,255.75,86.02,92.4,102.2,103.02,-,95.91,0.09%,0.001411449,0.00277231,0.000655953,14241.1906,2.211571141,3560.29765,,35602976499
ABBOTT INDIA LTD,ABBOTINDIA,0.25,21271715.73,31418.4305,14770.05,2262,2614,2903,3298,3679,4093,3317.4,91,62,-165,99,8,19,73.95,85.87,116.29,139.5,533.7,189.862,0.05%,0.000651887,0.000205958,0.001298515,6742.742843,0.214611065,1685.685711,,16856857108
ACC LTD,ACC,0.455,137640995,576.0275639,41.85,11872,10990,13285,14802,15658,-,13683.75,426,750,374,1559,-,777.25,322.42,489.72,258.4,261.63,-,333.0425,0.28%,0.002688931,0.008425328,0.002277763,40575.13404,70.43957022,18461.68599,,1.84617E+11
ADANI GREEN ENERGY LIMITED,ADANIGREEN,0.251,1563754963,182912.418,1169.7,2155,0,10,1719,318,1247,658.8,0,6,31,71,91,39.8,0,0,0,0,0,0,0.05%,0.000129458,0.000431429,0,3586.816021,0.019609472,900.2908214,,9002908214
ADANI PORTS AND SPECIAL ECONOMIC ZONE LTD,ADANIPORTS,0.363,1984838530,148793.4204,749.65,27780,"7,109","8,439","11,323","10,925","11,873","9,934",398,109,-127,"3,975","2,397",1350.4,231.76,273.84,404.14,39.9,639.71,317.87,0.66%,0.001952046,0.014638229,0.002173994,63512.86877,0.42685267,23055.17136,,2.30552E+11
ADANI TRANSMISSION LIMITED,ADANITRANS,0.251,1099379085,89379.5196,813,8386,"2,194","2,876","3,944","7,305","11,416","5,547",6,4,596,-421,"1,045",246,0,0,0,0,0,0,0.20%,0.001090016,0.00266662,0,19204.43506,0.214863932,4820.3132,,48203131999
ALKEM LABORATORIES LIMITED,ALKEM,0.376,119453755.1,33267.8708,2785,6997,905,"5,688","6,401","7,357","8,344","5,739",3,40,0,82,-73,10.4,148.4,178.4,157.75,190.25,304.29,195.818,0.17%,0.001127745,0.000112735,0.001339249,10630.94923,0.319556045,3997.236909,,39972369094
AMBUJA CEMENTS LTD,AMBUJACEM,0.367,1963807255,56164.8875,286,24781,"20,094","23,609","26,041","27,104",-,"24,212","-2,312","1,663",220,"2,919",-,623,52.5,712.52,304.78,293.3,-,340.775,0.59%,0.004757789,0.00674785,0.002330647,49400.61954,0.879564114,18130.02737,,1.813E+11
APOLLO HOSPITALS ENTERPRISES LTD,APOLLOHOSP,0.692,143930235,41437.51465,2879,3136,"6,150","7,256","8,243","9,617","11,247","8,503",39,-52,24,-20,94,17,82.6,83.98,69.03,82.6,81.9,80.022,0.07%,0.001670807,0.000184279,0.000547291,7880.113263,0.190168579,5453.038378,,54530383781
ASIAN PAINTS LTD,ASIANPAINT,0.472,960488585.2,229076.5276,2385,11030,"14,271","15,062","16,825","19,240","20,211","17,122",528,90,-822,434,-351,-24.2,715.45,988.89,835.99,1013.32,1163.15,943.36,0.26%,0.003364527,-0.000262326,0.00645188,30477.07499,0.133043203,14385.1794,,1.43852E+11
AU SMALL FINANCE BANK LIMITED,AUBANK,0.71,305029106.7,38860.7082,1274,4325,"1,048","1,280","1,767","2,949","4,286","2,266",-7,596,"1,136",-21,"1,629",666.6,0,0,0,0,0,0,0.10%,0.000445281,0.007225891,0,29016.91472,0.746690322,20602.00945,,2.0602E+11
AUROBINDO PHARMA LTD,AUROPHARMA,0.481,583965801,50413.7676,863.3,18342,"13,772","14,910","16,463","19,564","23,099","17,562",340,-424,892,666,871,469,141.75,138.12,145.38,141.9,169.86,147.402,0.44%,0.00345095,0.005083923,0.00100812,34819.23441,0.690669158,16748.05175,,1.67481E+11
AVENUE SUPERMARTS LIMITED,DMART,0.25,657147463.2,214952.9352,3271,11320,"8,584","11,898","15,033","20,005","24,870","16,078",-3,-1,34,57,-19,13.6,0,0,0,0,0,0,0.27%,0.003159414,0.000147423,0,20043.03921,0.09324385,5010.759802,,50107598023
AXIS BANK LTD,AXISBANK,0.861,3336440027,245061.52,734.5,86340,"41,409","45,175","46,614","56,044","63,716","50,592","-2,789","17,263","-7,055","24,094","29,795","12,262",1169,1185.9,0,251.95,0,521.37,2.06%,0.009941524,0.132914768,0.003565783,417654.6744,1.704285007,359600.6747,,3.59601E+12
BAJAJ AUTO LIMITED,BAJAJ-AUTO,0.463,296639430.8,114350.051,3854.85,23719,"22,574","21,755","25,210","30,358","29,919","25,963",238,-532,488,140,-630,-59.2,1583.79,1590.81,1729.79,1724.8,3492.04,2024.246,0.57%,0.00510191,-0.000641723,0.013844336,59936.52236,0.524149503,27750.60985,,2.77506E+11
BAJAJ FINANCE LIMITED,BAJFINANCE,0.437,605852227.7,330431.805,5454,34284,"7,299","9,970","12,746","18,487","26,375","14,975","1,100",-972,13,9,998,230,127.9,201.96,224.64,359.55,579.04,298.618,0.82%,0.002942747,0.002488846,0.002042325,39173.98696,0.118553924,17119.0323,,1.7119E+11
BAJAJ FINSERV LIMITED,BAJAJFINSV,0.25,157705292.8,157295.259,9974,1781,"2,140","2,363","2,556","2,809","2,765","2,527",257,373,45,-319,195,110.2,0,0,0,0,0,0,0.04%,0.000496491,0.001194559,0,7056.007957,0.044858364,1764.001989,,17640019893
BAJAJ HOLDINGS & INVESTMENT LIMITED,BAJAJHLDNG,0.5,110681955.2,39889.77664,3604,31658,470,842,420,431,435,519.6,"1,406","-1,406",74,-72,92,19,362.4,370.95,451.35,365.76,448.8,399.852,0.76%,0.000102104,0.000203791,0.00273469,26521.27427,0.664863945,13260.63713,,1.32606E+11
BANDHAN BANK LIMITED,BANDHANBNK,0.6,1600641871,55526.2665,346.9,15195,-,"3,909","4,802","6,643","10,885",6559.75,-,"4,192","-1,989",427,"2,550",1295,-,0,121.14,351.36,0,118.125,0.36%,0.001289026,0.014037697,0.000807887,49417.53403,0.889984815,29650.52042,,2.96505E+11
BANK OF BARODA,BANKBARODA,0.284,5334264694,43180.8727,80.95,76104,"5,799","44,473","46,056","52,906","78,895","45,626","-14,632","17,116","-56,692",462,"33,120","-4,125",0,0,272.25,0,0,54.45,1.82%,0.008965717,-0.04471684,0.000372397,-42964.67809,-0.994993279,-12201.96858,,-1.2202E+11
BERGER PAINTS INDIA LTD,BERGEPAINT,0.25,971095266.3,70938.5092,730.5,2867,"4,223","4,552","5,166","6,062","6,366","5,274",-32,4,38,-27,22,1,115.01,170.64,175.18,182.78,210.56,170.834,0.07%,0.00103633,1.08399E-05,0.001168377,7252.278021,0.102233302,1813.069505,,18130695051
BHARAT PETROLEUM CORPN. LTD,BPCL,0.459,1926773333,89305.944,463.5,40060,"1,87,815","2,01,251","2,35,895","2,98,226","2,84,572","2,41,552",555,"-1,429",-215,-87,329,-169.4,2022.5,4273.29,4144.14,3744.96,3238.3,3484.638,0.96%,0.047466239,-0.001836283,0.02383233,197596.8261,2.212583142,90696.9432,,9.06969E+11
BHARTI AIRTEL LTD,BHARTIARTL,0.437,5961991826,318251.1237,533.8,59340,"96,532","95,468","82,639","80,780","87,539","88,592","1,905","-2,752","3,835","1,248","7,675","2,382",546.93,418,2132.06,1000.4,965.49,1012.576,1.42%,0.01740873,0.025822858,0.006925266,160855.5785,0.505436011,70293.88782,,7.02939E+11
BIOCON LTD,BIOCON,0.387,1179528198,46614.9544,395.2,7055,"3,347","3,891","4,123","5,514","6,367","4,648",300,-47,-261,210,165,73.4,99,61.2,59.52,63.35,0,56.614,0.17%,0.000913436,0.00079565,0.000387198,9456.997949,0.202874766,3659.858206,,36598582064
BOSCH LTD,BOSCHLTD,0.295,29320977.85,43870.04707,14962,8826,"9,701","10,435","11,690","12,085","9,842","10,751",-33,33,234,-172,64,25.2,260.27,504.89,301.62,303.62,312,336.48,0.21%,0.002112551,0.000273166,0.002301273,16992.16884,0.387329624,5012.689807,,50126898068
BRITANNIA INDUSTRIES LTD,BRITANNIA,0.494,240685262.3,84068.95527,3492.9,2674,"8,397","9,054","9,914","11,055","11,600","10,004",8,-4,60,-49,17,6.4,239.25,265.2,301.2,359.29,841.8,401.348,0.06%,0.00196584,6.93755E-05,0.002744922,13548.40937,0.161158294,6692.914227,,66929142275
CADILA HEALTHCARE LTD,CADILAHC,0.251,1022468034,45254.4352,442.6,11754,"9,427","9,376","11,905","13,166","14,253","11,625",99,756,-3,-811,399,88,328.78,327.36,355.2,351.31,353.1,343.15,0.28%,0.002284454,0.000953913,0.002346891,20987.7028,0.46377118,5267.913404,,52679134037
CIPLA LTD,CIPLA,0.633,885358603.8,71359.90346,806,17076,"13,790","14,394","15,156","16,362","17,132","15,367",312,-248,243,-345,234,39.2,"1,849",160.96,239.87,244.48,324.87,564,0.41%,0.00301966,0.000424925,0.003856218,28457.15977,0.398783608,18013.38214,,1.80134E+11
COAL INDIA LIMITED,COALINDIA,0.339,6091663151,92410.53,151.7,37084,"1,05,083","78,164","85,244","99,586","96,080","92,831","1,721",-682,-196,"-2,426","-2,471",-811,17263.07,12342.4,10276.94,8032.98,7354.16,11053.91,0.89%,0.018241874,-0.008789007,0.075600515,234796.0132,2.540792843,79595.84849,,7.95958E+11
COLGATE-PALMOLIVE (INDIA) LTD,COLPAL,0.49,271576212.8,44330.7431,1632.35,1633,"3,868","3,982","4,188","4,462","4,525","4,205",61,5,107,73,20,53.2,273.07,271.19,652.81,628.56,758.88,516.902,0.04%,0.000826305,0.000576684,0.003535225,13321.46679,0.300501771,6527.518728,,65275187280
CONTAINER CORPORATION OF INDIA LTD,CONCOR,0.452,604133685.9,36006.36768,596,10047,"6,278","5,980","6,612","6,956","6,530","6,471","-1,833",855,76,-79,-64,-209,260.82,334.23,416.91,516.18,218.16,349.26,0.24%,0.001271626,-0.002265543,0.002388678,9491.304228,0.263600714,4290.069511,,42900695109
DABUR INDIA LTD,DABUR,0.321,1766237862,92427.2273,523.3,7127,"7,869","7,614","7,722","8,515","8,685","8,081",82,81,-27,-51,54,27.8,400.32,395.87,1096.74,490.28,534.65,583.572,0.17%,0.00158796,0.00030135,0.003991198,18960.58882,0.205140729,6086.34901,,60863490104
DIVI'S LABORATORIES LTD,DIVISLAB,0.48,264419773,92599.8045,3502,8323,"3,776","4,064","3,891","4,946","5,394","4,414",0,13,-17,23,41,12,270.24,265,263.1,419.43,426.87,328.928,0.20%,0.000867414,0.000130079,0.002249623,13091.87534,0.141381242,6284.100163,,62841001626
DLF LIMITED,DLF,0.25,2680615995,85350.81327,318.4,34411,"9,926","8,221","6,707","8,366","6,083","7,861",210,761,"-2,064","2,921","-2,658",-166,358.02,357.5,357.12,435.27,495.55,400.692,0.82%,0.001544651,-0.001799427,0.002740435,26779.23832,0.313754929,6694.809579,,66948095793
DR. REDDY'S LABORATORIES LTD,DRREDDY,0.732,165784995.9,74485.5408,4492.9,16667,"15,568","14,196","14,281","15,448","17,517","15,402",-47,-114,-124,-31,-27,-68.6,340.96,335.92,331.45,331.5,425.46,353.058,0.40%,0.003026577,-0.000743619,0.002414654,21704.75099,0.291395494,15887.87772,,1.58879E+11
EICHER MOTORS LTD,EICHERMOT,0.508,283133501.9,73218.3236,2586,10319,"6,173","7,033","8,965","9,797","9,154","8,224",-4,-10,75,623,-673,2.2,267.6,266.72,294,330.45,347.13,301.18,0.25%,0.001616139,2.38478E-05,0.002059847,15416.54267,0.2105558,7831.603678,,78316036783
GAIL (INDIA) LTD,GAIL,0.479,4482510787,65892.90856,147,50969,"52,053","48,552","54,496","76,190","72,508","60,760",29,415,858,"-1,081",328,109.8,691.53,1886.08,2063.57,1636.5,2920.82,1839.7,1.22%,0.01193963,0.001190223,0.012582178,94740.75078,1.43779889,45380.81963,,4.53808E+11
GENERAL INSURANCE CORPORATION OF INDIA,GICRE,0.142,1743676778,34202.22,196.15,27754,"15,211","26,715","38,096","44,297","51,695","35,203","2,033","2,429","1,981","-1,324","3,006","1,625",531,1000.96,1196.58,1178.72,0,781.452,0.66%,0.006917541,0.017614871,0.00534455,91279.06401,2.668805242,12961.62709,,1.29616E+11
GLAXOSMITHKLINE PHARMACEUTICALS LTD,GLAXO,0.1269,170685386.6,26207.88768,1535.45,2184,2828,2980,2871,3128,3224,3006.2,0,24,62,-102,6,-2,424.88,252.75,298.35,338.2,676.11,398.058,0.000522091,0.000590735,-2.16798E-05,0.00272242,9533.91467,0.363780355,1209.853772,,12098537717
GODREJ CONSUMER PRODUCTS LTD,GODREJCP,0.0691,1023893669,70653.7826,690.05,8653,8424,9268,9847,10314,9911,9552.8,23,282,3,-36,-259,2.6,198.72,508.56,686.28,1030.48,823.35,649.478,0.002068522,0.001877177,2.81838E-05,0.004441946,21039.57088,0.297784069,1453.834348,,14538343477
GODREJ PROPERTIES LIMITED,GODREJPROP,0.0979,251222501.5,37608.00848,1497,4796,2123,1583,1604,2817,2441,2113.6,126,-214,-311,476,22,19.8,0,0,0,0,0,0,0.001146496,0.000415334,0.00021463,0,5921.534068,0.157454072,579.7181853,,5797181853
GRASIM INDUSTRIES LTD,GRASIM,0.2699,656931558.2,87733.2096,1335.5,60252,34487,36068,55894,77200,77625,56254.8,-11,-20,856,287,1849,592.2,222.12,253.36,401.85,457.11,265.5,319.988,0.014403393,0.011054373,0.006419401,0.00218848,85164.11727,0.970716991,22985.79525,,2.29858E+11
HAVELLS INDIA LIMITED,HAVELLS,0.0755,624300502.3,69906.04875,1119.75,4710,7594,6130,8116,10073,9440,8270.6,-229,450,-255,368,-437,-20.6,377,217.8,26.48,283.68,249.9,230.972,0.001125937,0.001625218,-0.000223302,0.001579677,10268.82336,0.146894633,775.2961637,,7752961637
HCL TECHNOLOGIES LTD,HCLTECH,0.0446,2722298630,256916.9332,943.75,56617,31136,47568,50569,60427,70676,52075.2,-623,588,378,4244,-2141,489.2,2240.8,3442.4,1656.99,1113.2,2764.25,2243.528,0.013534437,0.010233059,0.005302889,0.015344061,111036.1167,0.432186837,4952.210804,,49522108041
HDFC ASSET MANAGEMENT COMPANY LIMITED,HDFCAMC,0.1134,233405266.5,73545.99948,3151,4080,1490,1568,1870,2075,2124,1825.4,-2,0,1,-1,26,4.8,200.76,231,334.17,512.05,593.14,374.224,0.000975334,0.000358701,5.20316E-05,0.002559414,9863.701255,0.134116081,1118.543722,,11185437223
HDFC BANK LTD,HDFCBANK,0.1295,6038420572,926233.3316,1533.9,176394,63162,73271,85288,105161,122189,89814.2,2542,10242,73750,-41244,6122,10282.4,2432.19,2750.4,3331.8,4019.76,1362.7,2779.37,0.042167432,0.017648977,0.111460397,0.019008822,475714.0712,0.513600682,61604.97221,,6.1605E+11
HDFC LIFE INSURANCE COMPANY LIMITED,HDFCLIFE,0.0916,2220634287,159263.8911,717.2,7822,18141,30647,32260,38857,29729,29926.8,1513,817,2122,-651,-373,685.6,179.74,221.75,276.75,332.28,0,202.104,0.001869869,0.005880779,0.007431849,0.001382241,41411.84434,0.260020298,3793.324941,,37933249414
HERO MOTOCORP LIMITED,HEROMOTOCO,0.0937,202974157.2,70229.05838,3460,14913,28457,28610,32458,33971,29254,30550,-53,-1,57,78,97,35.6,1445.32,1684.48,1897.2,1722,1782.62,1706.324,0.00356499,0.006003241,0.000385901,0.011669986,54060.29526,0.769771039,5065.449666,,50654496657
HINDALCO INDUSTRIES LTD,HINDALCO,0.2022,2219319646,75234.936,339,59637,98759,100184,115183,130542,118144,112562.4,-394,4259,-181,1055,12174,3382.6,205.82,247,243.32,274.8,226.02,239.392,0.014256376,0.022119122,0.036667115,0.001637263,186699.6891,2.481555764,37750.67714,,3.77507E+11
HINDUSTAN AERONAUTICS LIMITED,HAL,0.0484,884007005.6,2107.472701,23.84,13986,16758,17950,18520,20008,21438,18934.8,-,2443,-2691,-80,252,-19,621.24,787.5,1074.6,652.12,1120.47,851.186,0.003343389,0.003720791,-0.000205958,0.005821479,31699.24914,15.04135694,1534.243658,,15342436584
HINDUSTAN PETROLEUM CORPORATION LTD,HINDPETRO,0.1171,1498261296,36407.7495,243,34830,177910,187493,219510,275491,269092,225899.2,-1295,712,-784,-230,-247,-368.8,1168.75,3047.32,2598.48,2408.76,1477.84,2140.23,0.0083262,0.044390418,-0.003997763,0.01463758,158391.0874,4.35047729,18547.59633,,1.85476E+11
HINDUSTAN UNILEVER LTD,HINDUNILVR,0.1246,2581109981,568644.34,2203.1,46830,32186,33162,35545,39310,39783,35997.2,25,-202,21,-28,2595,482.2,3445.33,3670.32,4327.62,4722.12,5398.4,4312.758,0.01119483,0.007073645,0.00522701,0.029496054,132478.8466,0.232973121,16506.86428,,1.65069E+11
HINDUSTAN ZINC LTD,HINDZINC,0.0182,4199818299,130824.34,311.5,36641,14181,17273,22082,18561,20073,18434,1,8329,-6416,-1941,1875,369.6,11772,12390.84,3339.36,8433.36,6941.1,8575.332,0.008759124,0.003622381,0.004006435,0.058648887,187592.0653,1.433923269,3414.175588,,34141755882
HONEYWELL AUTOMATION INDIA LTD,HONAUT,0.1016,8806685.984,41382.57341,46989.95,2324,2188,2410,2690,3175,3290,2750.6,199,119,80,-165,48,56.2,8.46,8.45,27.5,39.49,63.83,29.546,0.000555558,0.000540508,0.000609204,0.000202073,4768.355171,0.115226164,484.4648854,,4844648854
ICICI BANK LTD,ICICIBANK,0.0966,6780526815,414697.02,611.6,122957,59294,60940,62162,71982,84836,67842.8,17399,15455,8508,-1608,40462,16043.2,2952.2,1426.32,925.44,638.1,0,1188.412,0.029393182,0.013331478,0.173907011,0.008127853,561898.8106,1.354962258,54279.42511,,5.42794E+11
ICICI LOMBARD GENERAL INSURANCE COMPANY LIMITED,ICICIGI,0.0718,455212400.5,68067.91024,1495.3,7413,4826,6164,6912,11163,12450,8303,53,-1,398,-190,-369,-21.8,136.35,154.44,146.54,272.74,155.22,173.058,0.001772096,0.001631585,-0.00023631,0.001183588,10877.3964,0.159802121,780.9970612,,7809970612
ICICI PRUDENTIAL LIFE INSURANCE COMPANY LIMITED,ICICIPRULI,0.0553,1431476251,69269.1358,483.9,7538,20849,37816,38832,41463,21061,32004.2,2219,2439,-887,2975,-2606,828,1204.5,1059.66,955.21,455.6,117.37,758.468,0.001801978,0.006288999,0.008975454,0.005187356,55634.46853,0.80316389,3076.58611,,30765861098
IDBI BANK LTD,IDBI,0.0209,12064615217,44035.84554,36.5,34836,28058,27805,23046,22102,20854,24373,1645,9424,1049,-12477,9191,1766.4,0,0,0,0,0,0,0.008327634,0.004789427,0.019147635,0,107548.9867,2.442305475,2247.773822,,22477738217
INDIAN OIL CORPORATION LTD,IOC,0.2902,2.05937E+11,527609.5481,25.62,73837,346045,355379,421492,528158,484362,427087.2,124,-405,-11,614,502,164.8,3366.16,8932.05,19970.1,8514.73,3902.41,8937.09,0.017650922,0.083924951,0.001786419,0.061123042,411213.3353,0.779389488,119334.1099,,1.19334E+12
INDIAN RAILWAY CATERING AND TOURISM CORPORATION,IRCTC,0.1655,175205232.7,34072.1616,1944.7,1337,1367,1520,1466,1870,2275,1699.6,263,296,7,-33,137,134,75.6,112.21,46.41,302.82,201.02,147.612,0.000319613,0.000333981,0.001452549,0.001009556,7789.248427,0.228610339,1289.120615,,12891206147
INDRAPRASHTHA GAS LTD,IGL,0.107,147216812.7,23.1130396,1.57,5577,3686,3815,4535,5765,6485,4857.2,223,-328,78,-133,597,87.4,82.44,121.2,137.18,168.4,199.84,141.812,0.001333196,0.000954466,0.000947409,0.000969889,10512.39913,454.8254713,1124.826707,,11248267068
INDUSIND BANK LTD,INDUSINDBK,0.1421,759707691.8,79237.51225,1043,34024,11872,14406,17281,22261,28783,18920.6,-667,8516,-5412,1568,1220,1045,274.32,372.84,432.72,462.14,0,308.404,0.008133523,0.003718001,0.011327717,0.002109254,63221.23592,0.797870026,8983.737625,,89837376246
INFO EDGE(INDIA) LTD,NAUKRI,0.0948,128431422.6,63573.55419,4950,4463,748,888,988,1151,1312,1017.4,11,7,29,138,304,97.8,36.72,55.2,66.56,72.48,73.78,60.948,0.001066891,0.000199925,0.001060144,0.000416839,6859.498047,0.107898609,650.2804148,,6502804148
INFOSYS LTD,INFY,0.3066,3.12605E+11,571442.3116,18.28,71615,62441,68484,70522,82675,90791,74982.6,2330,-10072,-2754,-303,-919,-2343.6,5530.49,5884.73,9457.11,9242.4,7467.3,7516.406,0.017119747,0.014734488,-0.025404437,0.051406621,144641.046,0.253115744,44346.94471,,4.43469E+11
INTERGLOBE AVIATION LIMITED,INDIGO,0.0223,384797055.7,66966.2316,1740.3,1825,16140,18580,23021,28497,35756,24398.8,559,-652,518,42,-37,86,536.22,1227.66,224.2,191.88,0,435.992,0.000436271,0.004794497,0.000932233,0.002981861,22862.15315,0.341398233,509.8260153,,5098260153
ITC LTD,ITC,0.4375,13427822487,281849.994,209.9,59083,39192,42768,43449,48340,49388,44627.4,266,75,-166,169,334,135.6,6821.12,5761.84,6311.76,7051.52,12550.92,7699.432,0.014123941,0.008769526,0.001469893,0.052658383,192554.3572,0.683180278,84242.53126,,8.42425E+11
JSW STEEL LIMITED,JSWSTEEL,0.3531,2614907860,106688.2407,408,37609,41546,55604,71933,84757,73326,65433.2,-111,84,-335,4999,-1615,604.4,224.45,669.37,994.24,1222.24,604.5,742.96,0.008990527,0.012857979,0.006551648,0.005081293,83703.61621,0.784562719,29555.74688,,2.95557E+11
JUBILANT FOODWORKS LIMITED,JUBLFOOD,0.0535,130619505.5,40256.9316,3082,1124,2438,2583,3018,3563,3927,3105.8,15,-6,0,42,-51,168,16.49,16.82,33.32,67.2,78.4,42.446,0.000268695,0.000610307,0.001821107,0.000290299,7476.018139,0.1857076,399.9669705,,3999669705
KANSAI NEROLAC PAINTS,KANSAINER,0.0851,535374566.8,30944.64996,578,3792,3767,4053,4658,5424,5280,4636.4,444,-422,6,-34,79,14.6,162.18,162.88,138.78,140.43,171.93,155.24,0.000906487,0.000911078,0.000158263,0.001061726,7593.884518,0.245402179,646.2395725,,6462395725
KOTAK MAHINDRA BANK LTD,KOTAKBANK,0.1596,1992739952,382616.0344,1920.05,67135,20402,22324,25131,29831,33474,26232.4,4696,13989,-1188,6864,32815,11435.2,103.77,98.8,124.02,144.08,0,94.134,0.016048792,0.005154809,0.123956658,0.000643806,364510.1615,0.95267874,58175.82178,,5.81758E+11
LARSEN & TOUBRO INFOTECH LIMITED,LTI,0.0781,200000,25.4,1270,6326,5846,6501,7306,9446,10879,7995.6,2,176,-16,52,110,64.8,601.92,281.59,366.96,485.12,486.4,444.398,0.001512246,0.001571179,0.000702427,0.003039351,17063.00848,671.7719875,1332.620962,,13326209624
LARSEN & TOUBRO LIMITED,LT,0.4509,1404254155,205316,1462.1,72328,101122,109312,119683,135220,145452,122157.8,-613,-245,3254,-338,4658,1343.2,1712.4,1329.02,2211,2493.4,2482.74,2045.712,0.017290191,0.02400467,0.014560181,0.013991147,174615.4746,0.850471832,78734.11751,,7.87341E+11
LUPIN LTD,LUPIN,0.1279,451579388.4,46736.2088,1034.95,12717,14256,17367,15797,14665,15375,15492,-1315,2019,729,-872,1685,449.2,339.15,332.41,225.9,224.59,271.69,278.748,0.003040031,0.003044262,0.004869292,0.001906429,32150.03523,0.687904219,4111.989506,,41119895057
M.R.F. LTD,MRF,0.4428,25107042.47,170.7278888,68,12576,20179,13412,14954,16062,16237,16168.8,-152,125,-53,-91,1077,181.2,50.18,29.72,22.64,22.62,42.69,33.57,0.003006325,0.003177257,0.001964194,0.000229594,20943.42225,122.6713596,9273.74737,,92737473704
MAHINDRA & MAHINDRA LTD,M&M,0.1002,1191459943,100034.9768,839.6,40019,75841,83773,92094,104721,95179,90321.6,-154,416,1529,1672,-1394,413.8,661.08,813.56,826.1,903.55,260.35,692.928,0.009566643,0.017748684,0.004485559,0.004739112,91349.99555,0.913180554,9153.269554,,91532695537
MARICO LIMITED,MARICO,0.0595,1286061723,51738.2631,402.3,3675,6017,5918,6322,7334,7315,6581.2,14,-51,8,-3,45,2.6,547.47,455.43,545.38,612.7,867.85,605.766,0.000878518,0.001293241,2.81838E-05,0.004142988,15857.32951,0.306491339,943.5111057,,9435111057
MARUTI SUZUKI INDIA LTD,MARUTI,0.0488,304044507.1,220462.6721,7251,48963,57589,68085,79809,86068,75660,73442.2,16,-20,50,113,-165,-1.2,1044.43,2253,2442.8,2447.68,1816.32,2000.846,0.011704729,0.014431791,-1.30079E-05,0.013684297,99519.5221,0.45141212,4856.552678,,48565526784
MOTHERSON SUMI SYSTEMS LTD,MOTHERSUMI,0.0792,3121742128,70707.4592,226.5,10951,37216,42376,56303,63523,63537,52591,19,3172,-2152,769,1329,627.4,335.92,279.72,479.1,467.77,468,406.102,0.002617864,0.010334417,0.006800966,0.002777435,56326.70605,0.79661618,4461.075119,,44610751188
MUTHOOT FINANCE LIMITED,MUTHOOTFIN,0.045,39.96236694,51711.30282,1294,13499,"4,936","5,935","6,714","7,594","9,684","6,973","-1,036",664,-734,"1,364","3,829",817,236.06,240,402.6,477.94,596.22,390.564,0.00322697,0.001370154,0.008860551,0.002671167,40322.10436,0.779754177,1814.494696,,1814.494696
NESTLE INDIA LTD,NESTLEIND,0.1665,95682479.14,160555.2,16780,2278,"9,141","10,010","11,292","12,369",,"10,703",674,691,683,"-1,223",,206.25,610.61,833,1108.83,3289.9,0,1168.468,0.000544562,0.002103198,0.002235734,0.007991451,32187.36007,0.200475351,5359.195452,,53591954524
NHPC LIMITED,NHPC,0.1056,9326140039,24108.072,25.85,32946,"8,354","8,623","7,755","8,983","10,008","8,745","1,224","-1,347",-53,5,17,-31,1661.31,1847.69,1432.98,1453.76,1495,1578.148,0.007875825,0.001718361,-0.00033387,0.010793357,50134.18466,2.079560102,5294.1699,,52941698999
NMDC LTD,NMDC,0.0537,2632252301,35180.052,133.65,28885,"6,456","8,828","11,615","12,153","11,699","10,150",-144,31,-46,11,60,-17.6,4353.66,1628.16,1370.88,1708.66,1607.85,2133.842,0.006905032,0.001994569,-0.000190783,0.014593891,58256.77444,1.655960441,3128.388787,,31283887875
NTPC LIMITED,NTPC,0.0299,10548343631,115293.3959,109.3,122458,"73,396","82,042","88,083","1,00,287","1,09,464","90,654","1,064","-1,176",19,-451,266,-56,2808.26,3966.4,4217.6,6044.28,3132,4033.708,0.029273895,0.017814081,-0.0006027,0.02758756,185182.0904,1.606181247,5536.944504,,55369445041
OIL AND NATURAL GAS CORPORATION LTD,ONGC,0.1421,13730383255,158448.6228,115.4,209994,"1,24,036","2,82,506","3,22,706","4,21,624","3,96,753","3,09,525",-935,99,-97,"1,001",708,155.2,7210,9767.6,8400.28,8858.34,6326.06,8112.456,0.050199597,0.060823341,0.001682356,0.05548316,420471.1338,2.653674904,59748.94812,,5.97489E+11
ORACLE FINANCIAL SERVICES SOFTWARE LIMITED,OFSS,0.0765,86218710,27589.9872,3200,5929,"4,131","4,427","4,527","4,959","4,861","4,581",-45,"2,013","-1,785",350,175,141.6,849.69,1445.7,1113.3,0,1549.72,991.682,0.001417342,0.000900191,0.001534933,0.006782367,26587.08282,0.963649697,2033.911836,,20339118356
PAGE INDUSTRIES LTD,PAGEIND,0.1007,11115688.74,31390.70501,28240,895,"1,796","2,129","2,551","2,852","2,945","2,455",4,12,27,-22,113,26.8,95.12,109.06,145.74,382.18,178.36,182.092,0.000213952,0.000482342,0.00029051,0.001245374,5580.444532,0.177773788,561.9507644,,5619507644
PETRONET LNG LTD,PETRONET,0.1351,1403251156,35361.92912,252,11490,"27,133","24,616","30,599","38,395","35,452","31,239","1,821","-1,856",383,-478,749,124,185.6,379.06,675.2,1494.77,1865.07,919.94,0.002746714,0.006138633,0.001341982,0.006291705,41297.58347,1.16785437,5579.303527,,55793035271
PI INDUSTRIES LIMITED,PIIND,0.1236,152908455.1,34250.7294,2239.95,5013,"2,096","2,277","2,277","2,841","3,366","2,571",16,50,33,-56,63,21.2,43.68,55.08,55.2,53.3,54.84,52.42,0.00119837,0.000505294,0.000229806,0.000358514,5729.961165,0.167294573,708.2232,,7082232000
PIDILITE INDUSTRIES LTD,PIDILITIND,0.1018,509382479.7,89460.298,1756.25,4836,"5,361","5,617","6,078","7,078","7,294","6,286",45,-45,46,-29,533,110,208.78,240.8,307.84,333,357.12,289.508,0.001156058,0.001235154,0.001192391,0.001980019,13909.0574,0.155477432,1415.942044,,14159420435
PIRAMAL ENTERPRISES LIMITED,PEL,0.1405,222082972.6,42950.84691,1934,31475,"6,342","8,504","10,631","11,883","13,068","10,086",-7,"1,138",936,"-1,679","1,988",475.2,298.65,363.08,460.89,513.45,315.36,390.286,0.007524178,0.001981875,0.00515113,0.002669266,43316.12333,1.008504522,6085.915327,,60859153274
POWER FINANCE CORPORATION LTD,PFC,0.0645,37292818.42,121.9102234,32.69,56369,"27,861","27,581","48,624","54,106","62,189","44,072","-4,888","3,079","-3,720",-98,"1,179",-890,1855.2,1319.24,2073.59,0,2492.7,1548.146,0.013475152,0.008660426,-0.009643193,0.010588166,57701.37828,473.3104138,3721.738899,,37217388989
POWER GRID CORPORATION OF INDIA LIMITED,POWERGRID,0.0639,4944404132,109469.1075,221.4,67727,"20,652","25,697","29,954","35,059","37,744","29,821",-948,"1,698","-1,707","2,113","1,192",469.6,1514.4,2931.67,4445.43,3933.21,6857.3,3936.402,0.016190311,0.005860028,0.005090427,0.026922059,135157.06,1.234659376,8636.536133,,86365361334
PROCTER & GAMBLE HYGIENE & HEALTH CARE LTD,PGHH,0.1338,32306362.12,42095.18985,13030,1157,"2,275","2,320","2,455","2,947","3,002","2,600",452,-964,290,134,358,54,118.16,1264.36,131.25,284.92,342.07,428.152,0.000276584,0.000510875,0.000585356,0.002928241,10752.63803,0.255436264,1438.702969,,14387029690
PUNJAB NATIONAL BANK,PNB,0.093,10477680000,44006.256,42,63877,"50,804","48,058","48,725","52,147","54,918","50,930","18,790","12,330","6,109","-20,192",460,"3,499",73.8,0,0,0,0,14.76,0.015269958,0.0100081,0.037933217,0.000100947,158280.5578,3.596774009,14720.09188,,1.47201E+11
REC LIMITED,RECLTD,0.0833,1943426357,28063.0766,144.4,40593,"24,125","24,338","22,658","25,408","29,942","25,294","1,257","2,757","-4,220",134,"1,336",253,1707.3,1893.9,1824.91,2181.58,2187.68,1959.074,0.009703859,0.004970448,0.002740332,0.013398608,77033.116,2.744998957,6416.858563,,64168585629
RELIANCE INDUSTRIES LTD,RELIANCE,0.1119,7544251707,1640535.255,2174.55,613422,"2,72,583","3,03,954","3,90,823","5,68,337","5,95,887","4,26,317","-1,262","-8,034","1,266","3,745","19,839","3,111",2974.5,3289.11,3607.5,3958.8,3935.4,3553.062,0.146640081,0.083773564,0.033720824,0.024300299,721086.9194,0.43954369,80689.62628,,8.06896E+11
SBI CARDS AND PAYMENT SERVICES LIMITED,SBICARD,0.2086,1105296758,117603.575,1064,5878,"2,392","3,347","5,195","7,017","9,281","5,446",-17,9,190,422,-218,77.2,79.52,78.33,0,86.5,99.6,68.79,0.001405151,0.001070247,0.000836842,0.000470472,9456.780384,0.080412355,1972.684388,,19726843881
SBI LIFE INSURANCE COMPANY LIMITED,SBILIFE,0.0638,1098728460,99215.17993,903,10133,"19,324","30,548","34,068","44,604","43,798","34,468","-1,570",-651,"1,264",-321,"2,114",167,118.16,152.8,195.5,199.05,0,133.102,0.002422319,0.006773228,0.001812435,0.000910319,29795.75031,0.300314431,1900.96887,,19009688699
SHREE CEMENTS LTD,SHREECEM,0.142,36020898.95,100318.2036,27850,13957,"5,514","8,594","9,833","12,555","12,868","9,873",31,-13,10,84,-36,15.2,80.01,482.04,179.92,211.26,397.8,270.206,0.003336456,0.001940059,0.000164767,0.001848008,18223.22394,0.181654209,2587.6978,,25876978002
SIEMENS LTD,SIE,0.1022,104702700,1.047027,0.1,9492,"10,837","11,065","12,795","13,767","9,946","11,682",-864,"1,610",-379,-174,,48.25,1194.74,250.14,252.28,252.77,246.08,439.202,0.002269087,0.002295576,0.000523026,0.003003815,20228.75961,19320.18908,2067.379232,,20673792319
SRF LTD,SRF,0.1862,59213374.71,33277.91659,5620,5457,"4,593","4,822","5,589","7,100","7,209","5,863",241,-252,-1,103,-73,3.6,60.2,72.1,69.3,70.62,81.52,70.748,0.00130451,0.001152033,3.90237E-05,0.000483864,7448.574294,0.223829346,1386.924534,,13869245336
STATE BANK OF INDIA,SBIN,0.0746,9816015363,378260.152,385.35,251060,"2,20,633","2,30,447","2,28,970","2,53,322","2,69,852","2,40,645","16,078","68,638","-77,908","30,223","28,803","13,167",2078.25,2070.19,0,0,0,829.688,0.060016528,0.047288009,0.142727064,0.005674448,639265.1216,1.690014447,47689.17807,,4.76892E+11
SUN PHARMACEUTICAL INDUSTRIES LTD,SUNPHARMA,0.1249,2400497000,146670.3667,611,45072,"28,487","31,578","26,489","29,066","32,838","29,692",848,611,-736,-844,"-1,386",-301.4,227.3,835.68,482.08,666.25,941.25,630.512,0.010774576,0.00583456,-0.003267152,0.004312233,44135.54186,0.300916558,5512.529179,,55125291788
TATA CONSULTANCY SERVICES LTD,TCS,0.0429,50488618.56,76.6922116,15.19,95137,"1,08,646","1,17,966","1,23,104","1,46,463","1,56,949","1,30,626","4,433","-2,698","1,286","2,341","1,422","1,357",8494.5,9201.15,9555.62,11329.92,27489,13214.038,0.022742741,0.025668639,0.014707604,0.090374182,383732.9148,5003.544777,16462.14204,,1.64621E+11
TATA CONSUMER PRODUCTS LIMITED,TATACONSUM,0.2597,908094060,56628.74558,623.6,14112,"6,637","6,780","6,815","7,252","9,637","7,424",-21,70,294,39,152,106.8,154.32,147.82,148.8,159.12,248.4,171.692,0.003373509,0.001458896,0.001157703,0.001174245,17910.88457,0.316286091,4651.456722,,46514567221
TATA MOTORS LTD,TATAMOTORS,0.2927,3492728764,114020.1305,326.45,50576,"2,73,046","2,69,693","2,91,550","3,01,938","2,61,068","2,79,459","-2,589","-3,167",730,"6,843","-3,092",-255,115.79,0,0,0,0,23.158,0.012090321,0.054915209,-0.00276418,0.000158383,160999.3346,1.412025525,47124.50525,,4.71245E+11
TATA STEEL LIMITED,TATASTEEL,0.2262,1094942608,80511.13,735.3,65066,"1,01,965","1,12,299","1,23,249","1,57,669","1,39,817","1,27,000","-2,068","-1,245","2,933","-4,513","4,462",-86,777.49,975.43,1209.06,1532.7,1152.18,1129.372,0.015554192,0.02495615,-0.000934401,0.007724064,118250.0101,1.468741155,26748.15227,,2.67482E+11
TECH MAHINDRA LIMITED,TECHM,0.1145,1054224420,101321.509,961.1,23692,"26,494","29,141","30,773","34,742","36,868","31,604","1,188",-392,-35,77,974,362,1047.55,787.64,1254,1246.42,1290.56,1125.234,0.005663633,0.006210279,0.003928387,0.007695763,58745.15341,0.579789563,6726.320065,,67263200653
THE NEW INDIA ASSURANCE COMPANY LIMITED,NIACL,0.0123,1617028819,24037.1334,148.65,23111,"15,215","20,234","19,798","27,660","30,672","22,716","-1,229",910,"1,056",527,"1,558",564,249.86,313.8,722.7,248.05,0,306.882,0.005524743,0.004463778,0.006118051,0.002098844,45513.54103,1.893467922,559.8165547,,5598165547
TITAN COMPANY LIMITED,TITAN,0.173,937872787.7,138242.4489,1474,6364,"11,276","13,261","16,120","19,779","21,052","16,298",-88,594,-206,-43,-354,-19.4,195.75,227.52,327.7,449.28,360.24,312.098,0.00152133,0.003202567,-0.000210294,0.002134518,16620.30154,0.120225746,2875.312167,,28753121667
TORRENT PHARMACEUTICALS LTD,TORNTPHARM,0.087,170838927.1,42214.29888,2471,5531,"6,687","5,816","5,950","7,673","7,939","6,813",437,18,-366,238,-278,9.8,589.22,233.5,237.3,287.76,543.25,378.206,0.0013222,0.001338791,0.000106231,0.002586647,13384.67423,0.317064942,1164.466658,,11644666583
ULTRATECH CEMENT LTD,ULTRACEMCO,0.0898,288392600,196106.968,6800,40750,"25,153","25,375","30,979","41,462","41,833","32,960",8,-31,18,364,-295,12.8,272.58,271.5,288.86,312.52,348.9,298.872,0.009741391,0.006476897,0.000138751,0.002044062,46002.75231,0.234579897,4131.047158,,41310471579
UNITED BREWERIES LTD,UBL,0.0636,289787715.2,34919.41968,1205,3351,"4,833","4,729","5,619","6,475","6,509","5,633",-3,9,3,17,10,7.2,29.8,29.9,51.22,67.56,64.2,48.536,0.000801065,0.001106915,7.80474E-05,0.00033195,5794.944036,0.1659519,368.5584407,,3685584407
UPL LIMITED,UPL,0.2015,6867688.095,0.2884429,0.42,19011,"14,048","16,312","17,378","21,837","35,756","21,066",131,"1,703",-21,-33,"3,898",1135.6,216.2,345.4,404.4,402.57,461.76,366.066,0.004544628,0.004139623,0.012309814,0.002503619,58744.2068,203659.7427,11836.95767,,1.1837E+11
VEDANTA LIMITED,VEDL,0.1529,66235553404,80741.1396,12.19,56275,"64,262","72,225","91,866","92,048","84,447","80,970","1,206","8,339","-6,409","2,918","-2,174",776,981.6,5775.14,7859.92,6994.35,1466.08,4615.418,0.013452681,0.015910966,0.008411778,0.031566023,173353.62,2.147029642,26505.7685,,2.65058E+11
WHIRLPOOL OF INDIA LTD,WHIRLPOOL,0.1037,126745293,30559.5576,2411.1,2632,"3,440","3,941","4,832","5,398","5,993","4,721",315,202,-77,79,221,148,0,37.2,49.14,65.12,61.88,42.668,0.000629186,0.000927663,0.001604308,0.000291817,8632.436594,0.282479109,895.1836747,,8951836747
WIPRO LTD,WIPRO,0.1109,5687268550,240002.7328,422,60841,"51,244","55,448","54,487","59,019","61,138","56,267","-6,032","-4,767",-979,"11,760","-1,442",-292,1514.36,509.58,480.18,630.28,583.32,743.544,0.014544195,0.01105681,-0.003165257,0.005085287,68802.58905,0.28667419,7630.207125,,76302071254
YES BANK LTD,YESBANK,0.3765,29027018293,47604.31,16.4,21695,"13,533","16,425","20,269","29,624","26,052","21,181",662,"11,336","5,199","2,231","-18,555",174.6,430.1,534.4,634.95,461.43,0,412.176,0.005186245,0.004162103,0.00189265,0.002818977,35149.93626,0.738377182,13233.951,,1.3234E+11
Total,,26.9111,8.36655E+11,,341018.6,"41,83,181",3956034,4439456,5007606,6005320,5973833,5088918.05,47475,203354,-65055,35566,235892,92251.6,128686.08,146480.34,153632.31,149154.12,152233.02,146214.7445,100.00%,1,1,1,10051726.85,229874.2823,2120827.069,0,2.11901E+13
